tweets,output
"nigga , shut up",0.9997251948996816
go to hell,0.9799973805441136
"hey man, sup bro",0.5002729920384348
"haha, that was very funny",0.176155484027413
no its not you dumbass,0.9967772289973793
thats great but you suck,0.9651612152412868
